{"cameraMode":{"drawMode":0,"name":"Shaded","section":"Shading Mode"},"sceneLighting":false,"audioPlay":false,"sceneViewState":{"m_AlwaysRefresh":false,"showFog":true,"showSkybox":false,"showFlares":true,"showImageEffects":true,"showParticleSystems":true,"showVisualEffectGraphs":true,"m_FxEnabled":true},"in2DMode":false,"pivot":{"x":-0.8226850628852844,"y":0.05894385650753975,"z":0.12860603630542756},"rotation":{"x":0.04628222435712814,"y":0.9320551753044128,"z":-0.33591341972351076,"w":0.12861862778663636},"size":0.8413443565368652,"orthographic":false}