{"cameraMode":{"drawMode":0,"name":"Shaded","section":"Shading Mode"},"sceneLighting":false,"audioPlay":false,"sceneViewState":{"m_AlwaysRefresh":false,"showFog":true,"showSkybox":false,"showFlares":true,"showImageEffects":true,"showParticleSystems":true,"showVisualEffectGraphs":true,"m_FxEnabled":true},"in2DMode":false,"pivot":{"x":0.008235573768615723,"y":0.5063472986221314,"z":0.005173832178115845},"rotation":{"x":-0.15325894951820374,"y":0.8322262167930603,"z":-0.2816610336303711,"w":-0.45247119665145876},"size":0.8764277100563049,"orthographic":false}