{"cameraMode":{"drawMode":0,"name":"Shaded","section":"Shading Mode"},"sceneLighting":false,"audioPlay":false,"sceneViewState":{"m_AlwaysRefresh":false,"showFog":true,"showSkybox":false,"showFlares":true,"showImageEffects":true,"showParticleSystems":true,"showVisualEffectGraphs":true,"m_FxEnabled":true},"in2DMode":false,"pivot":{"x":-0.041307613253593448,"y":0.37829989194869997,"z":0.3798011541366577},"rotation":{"x":-0.09780049324035645,"y":0.8783087730407715,"z":-0.20316605269908906,"w":-0.4219438135623932},"size":0.504806637763977,"orthographic":false}