{"cameraMode":{"drawMode":0,"name":"Shaded","section":"Shading Mode"},"sceneLighting":true,"audioPlay":false,"sceneViewState":{"m_AlwaysRefresh":false,"showFog":true,"showSkybox":true,"showFlares":true,"showImageEffects":true,"showParticleSystems":true,"showVisualEffectGraphs":true,"m_FxEnabled":true},"in2DMode":false,"pivot":{"x":6.171523571014404,"y":3.0951664447784426,"z":14.36844253540039},"rotation":{"x":-0.09233386814594269,"y":0.9055147767066956,"z":-0.32629743218421938,"w":-0.25582459568977358},"size":1.4617561101913453,"orthographic":false}