{"cameraMode":{"drawMode":0,"name":"Shaded","section":"Shading Mode"},"sceneLighting":true,"audioPlay":false,"sceneViewState":{"m_AlwaysRefresh":false,"showFog":true,"showSkybox":true,"showFlares":true,"showImageEffects":true,"showParticleSystems":true,"showVisualEffectGraphs":true,"m_FxEnabled":true},"in2DMode":false,"pivot":{"x":65.57603454589844,"y":50.128021240234378,"z":-4.214098930358887},"rotation":{"x":0.4012017250061035,"y":-0.004129348788410425,"z":0.0017823762027546764,"w":0.9160336852073669},"size":0.7071067690849304,"orthographic":false}