{"cameraMode":{"drawMode":0,"name":"Shaded","section":"Shading Mode"},"sceneLighting":true,"audioPlay":false,"sceneViewState":{"m_AlwaysRefresh":false,"showFog":true,"showSkybox":true,"showFlares":true,"showImageEffects":true,"showParticleSystems":true,"showVisualEffectGraphs":true,"m_FxEnabled":true},"in2DMode":false,"pivot":{"x":-1.3232425451278687,"y":5.184037685394287,"z":-23.36195182800293},"rotation":{"x":0.38465893268585207,"y":0.09144213050603867,"z":-0.03833824396133423,"w":0.9177334904670715},"size":0.8660253882408142,"orthographic":false}