{"cameraMode":{"drawMode":0,"name":"Shaded","section":"Shading Mode"},"sceneLighting":true,"audioPlay":false,"sceneViewState":{"m_AlwaysRefresh":false,"showFog":true,"showSkybox":true,"showFlares":true,"showImageEffects":true,"showParticleSystems":true,"showVisualEffectGraphs":true,"m_FxEnabled":true},"in2DMode":false,"pivot":{"x":0.050298869609832767,"y":-0.2794663906097412,"z":-0.14080995321273805},"rotation":{"x":-0.09329991042613983,"y":0.8420525193214417,"z":-0.5085159540176392,"w":-0.15419787168502809},"size":0.8660253882408142,"orthographic":false}