{"cameraMode":{"drawMode":0,"name":"Shaded","section":"Shading Mode"},"sceneLighting":true,"audioPlay":false,"sceneViewState":{"m_AlwaysRefresh":false,"showFog":true,"showSkybox":true,"showFlares":true,"showImageEffects":true,"showParticleSystems":true,"showVisualEffectGraphs":true,"m_FxEnabled":true},"in2DMode":false,"pivot":{"x":6.317286968231201,"y":3.041836738586426,"z":-6.7620320320129398},"rotation":{"x":-0.17337626218795777,"y":-0.8052846193313599,"z":0.28476592898368838,"w":-0.49028247594833376},"size":0.8660253882408142,"orthographic":false}