{"cameraMode":{"drawMode":0,"name":"Shaded","section":"Shading Mode"},"sceneLighting":true,"audioPlay":false,"sceneViewState":{"m_AlwaysRefresh":false,"showFog":true,"showSkybox":true,"showFlares":true,"showImageEffects":true,"showParticleSystems":true,"showVisualEffectGraphs":true,"m_FxEnabled":true},"in2DMode":false,"pivot":{"x":4.4912238121032719,"y":4.347229957580566,"z":-0.0398000068962574},"rotation":{"x":-0.35517120361328127,"y":0.34254512190818789,"z":-0.1417633444070816,"w":-0.8581948280334473},"size":1.1660254001617432,"orthographic":false}