{"cameraMode":{"drawMode":0,"name":"Shaded","section":"Shading Mode"},"sceneLighting":true,"audioPlay":false,"sceneViewState":{"m_AlwaysRefresh":false,"showFog":true,"showSkybox":true,"showFlares":true,"showImageEffects":true,"showParticleSystems":true,"showVisualEffectGraphs":true,"m_FxEnabled":true},"in2DMode":false,"pivot":{"x":-0.11936879903078079,"y":-0.04897092655301094,"z":0.7551181316375732},"rotation":{"x":-0.12791404128074647,"y":-0.04583122953772545,"z":0.005987794604152441,"w":-0.9907948970794678},"size":3.001941680908203,"orthographic":false}