{"cameraMode":{"drawMode":0,"name":"Shaded","section":"Shading Mode"},"sceneLighting":true,"audioPlay":false,"sceneViewState":{"m_AlwaysRefresh":false,"showFog":true,"showSkybox":true,"showFlares":true,"showImageEffects":true,"showParticleSystems":true,"showVisualEffectGraphs":true,"m_FxEnabled":true},"in2DMode":false,"pivot":{"x":1.5841084718704224,"y":-4.8675642013549809,"z":13.262948036193848},"rotation":{"x":0.17075063288211823,"y":0.059406474232673648,"z":-0.010274378582835198,"w":0.9835174679756165},"size":9.400971412658692,"orthographic":false}