{"cameraMode":{"drawMode":0,"name":"Shaded","section":"Shading Mode"},"sceneLighting":true,"audioPlay":false,"sceneViewState":{"m_AlwaysRefresh":false,"showFog":true,"showSkybox":true,"showFlares":true,"showImageEffects":true,"showParticleSystems":true,"showVisualEffectGraphs":true,"m_FxEnabled":true},"in2DMode":false,"pivot":{"x":75.32381439208985,"y":39.24789047241211,"z":-10.815937042236329},"rotation":{"x":0.23147402703762055,"y":-0.13232305645942689,"z":0.031761426478624347,"w":0.9633309245109558},"size":0.7071067690849304,"orthographic":false}