{"cameraMode":{"drawMode":0,"name":"Shaded","section":"Shading Mode"},"sceneLighting":true,"audioPlay":false,"sceneViewState":{"m_AlwaysRefresh":false,"showFog":true,"showSkybox":true,"showFlares":true,"showImageEffects":true,"showParticleSystems":true,"showVisualEffectGraphs":true,"m_FxEnabled":true},"in2DMode":false,"pivot":{"x":0.14754149317741395,"y":1.3443479537963868,"z":1.9835622310638428},"rotation":{"x":0.01872858963906765,"y":0.9462611079216003,"z":-0.3181133270263672,"w":0.05569736659526825},"size":0.7071067690849304,"orthographic":false}