{"cameraMode":{"drawMode":0,"name":"Shaded","section":"Shading Mode"},"sceneLighting":false,"audioPlay":false,"sceneViewState":{"m_AlwaysRefresh":false,"showFog":true,"showSkybox":false,"showFlares":true,"showImageEffects":true,"showParticleSystems":true,"showVisualEffectGraphs":true,"m_FxEnabled":true},"in2DMode":false,"pivot":{"x":-0.5638322830200195,"y":0.5622828006744385,"z":-1.0434635877609254},"rotation":{"x":0.1240476444363594,"y":0.19691051542758943,"z":-0.02509474568068981,"w":0.972250759601593},"size":0.4330126941204071,"orthographic":false}