{"cameraMode":{"drawMode":0,"name":"Shaded","section":"Shading Mode"},"sceneLighting":false,"audioPlay":false,"sceneViewState":{"m_AlwaysRefresh":false,"showFog":true,"showSkybox":false,"showFlares":true,"showImageEffects":true,"showParticleSystems":true,"showVisualEffectGraphs":true,"m_FxEnabled":true},"in2DMode":false,"pivot":{"x":0.010980725288391114,"y":0.675129771232605,"z":0.006898403167724609},"rotation":{"x":0.31491973996162417,"y":-0.5514401793479919,"z":0.23593056201934815,"w":0.7356772422790527},"size":1.1685703992843629,"orthographic":false}