{"cameraMode":{"drawMode":0,"name":"Shaded","section":"Shading Mode"},"sceneLighting":false,"audioPlay":false,"sceneViewState":{"m_AlwaysRefresh":false,"showFog":true,"showSkybox":false,"showFlares":true,"showImageEffects":true,"showParticleSystems":true,"showVisualEffectGraphs":true,"m_FxEnabled":true},"in2DMode":false,"pivot":{"x":-0.11944437026977539,"y":1.1279540061950684,"z":0.2811957001686096},"rotation":{"x":-0.3097226619720459,"y":-0.5518451929092407,"z":0.23135973513126374,"w":-0.7390485405921936},"size":1.6049318313598633,"orthographic":false}