{"cameraMode":{"drawMode":0,"name":"Shaded","section":"Shading Mode"},"sceneLighting":false,"audioPlay":false,"sceneViewState":{"m_AlwaysRefresh":false,"showFog":true,"showSkybox":false,"showFlares":true,"showImageEffects":true,"showParticleSystems":true,"showVisualEffectGraphs":true,"m_FxEnabled":true},"in2DMode":false,"pivot":{"x":-0.06114458665251732,"y":0.47420617938041689,"z":-0.6804116368293762},"rotation":{"x":0.05553685501217842,"y":0.8724075555801392,"z":-0.10201344639062882,"w":0.4750238060951233},"size":1.069954514503479,"orthographic":false}