{"cameraMode":{"drawMode":0,"name":"Shaded","section":"Shading Mode"},"sceneLighting":false,"audioPlay":false,"sceneViewState":{"m_AlwaysRefresh":false,"showFog":true,"showSkybox":false,"showFlares":true,"showImageEffects":true,"showParticleSystems":true,"showVisualEffectGraphs":true,"m_FxEnabled":true},"in2DMode":false,"pivot":{"x":-1.2102792263031006,"y":0.774756133556366,"z":-0.6220614910125732},"rotation":{"x":0.13518059253692628,"y":0.5451731085777283,"z":-0.08960720896720886,"w":0.8225302696228027},"size":0.47335776686668398,"orthographic":false}