{"cameraMode":{"drawMode":0,"name":"Shaded","section":"Shading Mode"},"sceneLighting":false,"audioPlay":false,"sceneViewState":{"m_AlwaysRefresh":false,"showFog":true,"showSkybox":false,"showFlares":true,"showImageEffects":true,"showParticleSystems":true,"showVisualEffectGraphs":true,"m_FxEnabled":true},"in2DMode":false,"pivot":{"x":-0.7613950967788696,"y":0.23309208452701569,"z":0.18540917336940766},"rotation":{"x":-0.08599528670310974,"y":-0.35973408818244936,"z":0.033484410494565967,"w":-0.9286458492279053},"size":0.7309930324554443,"orthographic":false}